<?xml version="1.0" encoding="UTF-8"?>
<beans xmlns="http://www.springframework.org/schema/beans"
	xmlns:xsi="http://www.w3.org/2001/XMLSchema-instance"
	xmlns:p="http://www.springframework.org/schema/p"
	xmlns:context="http://www.springframework.org/schema/context"
	xsi:schemaLocation="http://www.springframework.org/schema/beans http://www.springframework.org/schema/beans/spring-beans.xsd
		http://www.springframework.org/schema/context http://www.springframework.org/schema/context/spring-context-4.3.xsd">


	<context:component-scan base-package="com.globalin.biz"></context:component-scan>
	
	<bean id="userService" class="com.globalin.biz.user.impl.UserServiceImpl">
		<property name="userDAO" ref="userDAO"></property>
	</bean>
	<bean id="userDAO" class="com.globalin.biz.user.impl.UserDAO"></bean>
<!-- <bean class="polymorphism.SonySpeaker"></bean> -->
	
	<!-- DataSource 설정 -->
	<!-- <bean id="dataSource" class="org.apache.tomcat.dbcp.dbcp2.BasicDataSource" destroy-method="close">
		<property name="driverClassName" value="oracle.jdbc.driver.OracleDriver"/>
		<property name="url" value="jdbc:oracle:thin:@localhost:1521:xe"/>
		<property name="username" value="scott"></property>
		<property name="password" value="tiger"></property>				
	</bean> -->



</beans>
